{
    "train_loss_bbox": [
        0.06751575824913338,
        0.049441414517907394,
        0.04635587036988814,
        0.04488730158986925,
        0.04384752510938094,
        0.04290679719479181,
        0.042063716430273755,
        0.04175231242694225,
        0.04143802633957018,
        0.04083534153818174,
        0.040070759416877766,
        0.03999402971213101
    ],
    "train_loss_obj": [
        0.07195208090012373,
        0.013501687424432762,
        0.00786993965096582,
        0.005560725336139904,
        0.0042927671202605,
        0.0035033650381097207,
        0.0028790160601422058,
        0.0027068802650467147,
        0.0023422902361548777,
        0.0020552083311374974,
        0.002011870828506942,
        0.0019251654167782809
    ],
    "train_loss_cls": [
        0.1971383519059397,
        0.10730237564375344,
        0.0924995422195027,
        0.08752990339092816,
        0.07880005652680615,
        0.0776567662172683,
        0.07207751996947576,
        0.07209786984284744,
        0.06966526399460869,
        0.06606112398401509,
        0.06896536010518936,
        0.05930852265222799
    ],
    "val_loss_bbox": [
        0.04913643260414784,
        0.04444438921144375,
        0.042203970024218926,
        0.04059841039662178,
        0.03980636086601477,
        0.03957511564859977,
        0.039524467919881526,
        0.03845388562633441,
        0.03803227197092313,
        0.03797196221466248,
        0.03725421454470891,
        0.03738429388747765
    ],
    "val_loss_obj": [
        0.015786765981465577,
        0.008564675918135506,
        0.004372484396355084,
        0.00449801987896745,
        0.0032768291242134115,
        0.0027672802769722273,
        0.002108258661778214,
        0.002070210117381066,
        0.0022239997687463005,
        0.0017395736600379819,
        0.0016045403098150228,
        0.0015693805896891998
    ],
    "val_loss_cls": [
        0.1456555331269136,
        0.1310896793810221,
        0.11793906687257381,
        0.11752293882175134,
        0.11065838644997432,
        0.11753901389355843,
        0.11680529466471994,
        0.1033084656470097,
        0.09902961334356895,
        0.1003203607737445,
        0.10076845275381437,
        0.09832201586463131
    ],
    "precision": [
        1.032755721775888e-05,
        5.8225007088409794e-05,
        6.073119506919072e-05,
        2.1870548697184763e-05,
        4.473879522012294e-05,
        0.00030112395006202133,
        9.024715541478232e-06,
        1.2085432163155895e-05,
        7.369938334540703e-05,
        1.3475214536050773e-05,
        2.038783359254586e-05,
        1.4222787519872905e-05
    ],
    "recall": [
        0.004318717780421732,
        0.0052632728564878115,
        0.004768739703521077,
        0.005836419809579938,
        0.0038818800060604402,
        0.004325292270501529,
        0.005449965519529278,
        0.0051553102450191315,
        0.004807045871837527,
        0.005554637381002685,
        0.005012796004737359,
        0.0052348550478746
    ],
    "mAP50": [
        4.6470884452840435e-05,
        5.3539736439195904e-05,
        4.138365734722023e-05,
        4.9745697063847736e-05,
        3.533938398971801e-05,
        3.813537724047998e-05,
        5.107545313202023e-05,
        3.8776973461514945e-05,
        4.208299495991234e-05,
        4.2167310402824454e-05,
        3.7643060865934395e-05,
        3.7790798979141964e-05
    ],
    "mAP50-95": [
        8.718162126159611e-06,
        1.0634737998807095e-05,
        1.0111590469788565e-05,
        9.938862942668519e-06,
        7.101980883523384e-06,
        7.676529147610652e-06,
        1.1678515759895501e-05,
        7.75070887001744e-06,
        9.481629310228055e-06,
        9.349346762141003e-06,
        7.738481554065737e-06,
        8.345256475186372e-06
    ]
}